{
  "KL": 3064.0,
  "Ks": 0.05,
  "ω0": 314.1592653589793,
  "J1": 0.4,
  "D1": 0.04,
  "Pr1": 100.0,
  "α1": 100.0,
  "β1": 2000.0,
  "J2": 0.1,
  "D2": 0.02,
  "Pr2": 50.0,
  "α2": 100.0,
  "β2": 2000.0,
  "P0": 0.0,
  "ω1": 314.1592653589793,
  "ω2": 314.1592653589793,
  "θ1": 0.065187,
  "θ2": 0.0,
  "Tm1": 1.90986,
  "Tm2": 1.27324,
  "N": 0.0
}
