{
  "KL": 3064.0,
  "Ks": 0.05,
  "ω0": 314.1592653589793,
  "J1": 0.4,
  "D1": 0.04,
  "Pr1": 100.0,
  "alpha1": 100.0,
  "beta1": 2000.0,
  "J2": 0.1,
  "D2": 0.02,
  "Pr2": 50.0,
  "alpha2": 100.0,
  "beta2": 2000.0,
  "P0": 0.0,
  "omega1": 314.1592653589793,
  "omega2": 314.1592653589793,
  "theta1": 0.065187,
  "theta2": 0.0,
  "Tm1": 1.90986,
  "Tm2": 1.27324,
  "N": 0.0
}
